{"cameraMode":{"drawMode":0,"name":"Shaded","section":"Shading Mode"},"sceneLighting":true,"audioPlay":false,"sceneViewState":{"showFog":true,"showMaterialUpdate":false,"showSkybox":true,"showFlares":true,"showImageEffects":true,"showParticleSystems":true},"in2DMode":false,"pivot":{"x":-1.7770709991455079,"y":12.405592918395996,"z":3.3805761337280275},"rotation":{"x":-0.0895257368683815,"y":0.41557952761650088,"z":0.04115341603755951,"w":0.9042153358459473},"size":8.391152381896973,"orthographic":false}