{"cameraMode":{"drawMode":0,"name":"Shaded","section":"Shading Mode"},"sceneLighting":false,"audioPlay":false,"sceneViewState":{"showFog":true,"showMaterialUpdate":false,"showSkybox":false,"showFlares":true,"showImageEffects":true,"showParticleSystems":true},"in2DMode":false,"pivot":{"x":23.816869735717775,"y":1.0,"z":1.140845775604248},"rotation":{"x":-0.033910542726516727,"y":-0.7492415904998779,"z":0.03847664222121239,"w":-0.6603138446807861},"size":4.442760944366455,"orthographic":false}